task_id,task_text,category,priority,status,due_date,cleaned_text,tokens,token_no_stopwords,stemmed_tokens
1,UI glitch in menu,Bug,Low,To Do,2025-06-26,ui glitch in menu,"['ui', 'glitch', 'in', 'menu']","['ui', 'glitch', 'menu']","['ui', 'glitch', 'menu']"
2,Fix login issue,Bug,High,To Do,2025-06-29,fix login issue,"['fix', 'login', 'issue']","['fix', 'login', 'issue']","['fix', 'login', 'issu']"
3,Null pointer error,Bug,Medium,To Do,2025-06-28,null pointer error,"['null', 'pointer', 'error']","['null', 'pointer', 'error']","['null', 'pointer', 'error']"
4,Resolve payment bug,Bug,Low,In Progress,2025-07-03,resolve payment bug,"['resolve', 'payment', 'bug']","['resolve', 'payment', 'bug']","['resolv', 'payment', 'bug']"
5,Crash on launch,Bug,Medium,In Progress,2025-06-26,crash on launch,"['crash', 'on', 'launch']","['crash', 'launch']","['crash', 'launch']"
6,Fix login issue,Bug,Low,To Do,2025-06-17,fix login issue,"['fix', 'login', 'issue']","['fix', 'login', 'issue']","['fix', 'login', 'issu']"
7,Null pointer error,Bug,Medium,To Do,2025-06-19,null pointer error,"['null', 'pointer', 'error']","['null', 'pointer', 'error']","['null', 'pointer', 'error']"
8,Fix login issue,Bug,High,Done,2025-06-30,fix login issue,"['fix', 'login', 'issue']","['fix', 'login', 'issue']","['fix', 'login', 'issu']"
9,Null pointer error,Bug,Medium,To Do,2025-06-30,null pointer error,"['null', 'pointer', 'error']","['null', 'pointer', 'error']","['null', 'pointer', 'error']"
10,UI glitch in menu,Bug,High,Done,2025-06-20,ui glitch in menu,"['ui', 'glitch', 'in', 'menu']","['ui', 'glitch', 'menu']","['ui', 'glitch', 'menu']"
11,Crash on launch,Bug,High,In Progress,2025-06-13,crash on launch,"['crash', 'on', 'launch']","['crash', 'launch']","['crash', 'launch']"
12,Crash on launch,Bug,High,To Do,2025-07-02,crash on launch,"['crash', 'on', 'launch']","['crash', 'launch']","['crash', 'launch']"
13,UI glitch in menu,Bug,Low,In Progress,2025-07-06,ui glitch in menu,"['ui', 'glitch', 'in', 'menu']","['ui', 'glitch', 'menu']","['ui', 'glitch', 'menu']"
14,Crash on launch,Bug,Low,Done,2025-06-30,crash on launch,"['crash', 'on', 'launch']","['crash', 'launch']","['crash', 'launch']"
15,Resolve payment bug,Bug,High,Done,2025-07-01,resolve payment bug,"['resolve', 'payment', 'bug']","['resolve', 'payment', 'bug']","['resolv', 'payment', 'bug']"
16,UI glitch in menu,Bug,Low,To Do,2025-06-23,ui glitch in menu,"['ui', 'glitch', 'in', 'menu']","['ui', 'glitch', 'menu']","['ui', 'glitch', 'menu']"
17,Fix login issue,Bug,High,To Do,2025-07-08,fix login issue,"['fix', 'login', 'issue']","['fix', 'login', 'issue']","['fix', 'login', 'issu']"
18,UI glitch in menu,Bug,Medium,Done,2025-06-13,ui glitch in menu,"['ui', 'glitch', 'in', 'menu']","['ui', 'glitch', 'menu']","['ui', 'glitch', 'menu']"
19,Null pointer error,Bug,Medium,Done,2025-07-10,null pointer error,"['null', 'pointer', 'error']","['null', 'pointer', 'error']","['null', 'pointer', 'error']"
20,UI glitch in menu,Bug,High,In Progress,2025-06-14,ui glitch in menu,"['ui', 'glitch', 'in', 'menu']","['ui', 'glitch', 'menu']","['ui', 'glitch', 'menu']"
21,UI glitch in menu,Bug,Low,In Progress,2025-07-01,ui glitch in menu,"['ui', 'glitch', 'in', 'menu']","['ui', 'glitch', 'menu']","['ui', 'glitch', 'menu']"
22,Null pointer error,Bug,High,Done,2025-07-09,null pointer error,"['null', 'pointer', 'error']","['null', 'pointer', 'error']","['null', 'pointer', 'error']"
23,UI glitch in menu,Bug,High,Done,2025-06-29,ui glitch in menu,"['ui', 'glitch', 'in', 'menu']","['ui', 'glitch', 'menu']","['ui', 'glitch', 'menu']"
24,UI glitch in menu,Bug,High,Done,2025-06-19,ui glitch in menu,"['ui', 'glitch', 'in', 'menu']","['ui', 'glitch', 'menu']","['ui', 'glitch', 'menu']"
25,Resolve payment bug,Bug,Low,To Do,2025-06-13,resolve payment bug,"['resolve', 'payment', 'bug']","['resolve', 'payment', 'bug']","['resolv', 'payment', 'bug']"
26,Null pointer error,Bug,Medium,Done,2025-07-02,null pointer error,"['null', 'pointer', 'error']","['null', 'pointer', 'error']","['null', 'pointer', 'error']"
27,UI glitch in menu,Bug,Low,To Do,2025-06-18,ui glitch in menu,"['ui', 'glitch', 'in', 'menu']","['ui', 'glitch', 'menu']","['ui', 'glitch', 'menu']"
28,Null pointer error,Bug,Low,Done,2025-06-29,null pointer error,"['null', 'pointer', 'error']","['null', 'pointer', 'error']","['null', 'pointer', 'error']"
29,Fix login issue,Bug,Low,To Do,2025-07-11,fix login issue,"['fix', 'login', 'issue']","['fix', 'login', 'issue']","['fix', 'login', 'issu']"
30,Crash on launch,Bug,High,Done,2025-07-03,crash on launch,"['crash', 'on', 'launch']","['crash', 'launch']","['crash', 'launch']"
31,Crash on launch,Bug,Low,Done,2025-07-04,crash on launch,"['crash', 'on', 'launch']","['crash', 'launch']","['crash', 'launch']"
32,Fix login issue,Bug,Low,In Progress,2025-07-08,fix login issue,"['fix', 'login', 'issue']","['fix', 'login', 'issue']","['fix', 'login', 'issu']"
33,Crash on launch,Bug,Low,In Progress,2025-06-26,crash on launch,"['crash', 'on', 'launch']","['crash', 'launch']","['crash', 'launch']"
34,Crash on launch,Bug,Low,To Do,2025-06-22,crash on launch,"['crash', 'on', 'launch']","['crash', 'launch']","['crash', 'launch']"
35,UI glitch in menu,Bug,Low,To Do,2025-06-22,ui glitch in menu,"['ui', 'glitch', 'in', 'menu']","['ui', 'glitch', 'menu']","['ui', 'glitch', 'menu']"
36,Null pointer error,Bug,Low,Done,2025-07-09,null pointer error,"['null', 'pointer', 'error']","['null', 'pointer', 'error']","['null', 'pointer', 'error']"
37,Resolve payment bug,Bug,Medium,To Do,2025-06-12,resolve payment bug,"['resolve', 'payment', 'bug']","['resolve', 'payment', 'bug']","['resolv', 'payment', 'bug']"
38,Null pointer error,Bug,High,Done,2025-07-07,null pointer error,"['null', 'pointer', 'error']","['null', 'pointer', 'error']","['null', 'pointer', 'error']"
39,Null pointer error,Bug,Medium,In Progress,2025-06-28,null pointer error,"['null', 'pointer', 'error']","['null', 'pointer', 'error']","['null', 'pointer', 'error']"
40,Crash on launch,Bug,Medium,In Progress,2025-07-07,crash on launch,"['crash', 'on', 'launch']","['crash', 'launch']","['crash', 'launch']"
41,Resolve payment bug,Bug,High,To Do,2025-06-27,resolve payment bug,"['resolve', 'payment', 'bug']","['resolve', 'payment', 'bug']","['resolv', 'payment', 'bug']"
42,Fix login issue,Bug,High,Done,2025-07-08,fix login issue,"['fix', 'login', 'issue']","['fix', 'login', 'issue']","['fix', 'login', 'issu']"
43,Fix login issue,Bug,High,Done,2025-06-17,fix login issue,"['fix', 'login', 'issue']","['fix', 'login', 'issue']","['fix', 'login', 'issu']"
44,Null pointer error,Bug,High,To Do,2025-07-04,null pointer error,"['null', 'pointer', 'error']","['null', 'pointer', 'error']","['null', 'pointer', 'error']"
45,Fix login issue,Bug,Medium,To Do,2025-06-26,fix login issue,"['fix', 'login', 'issue']","['fix', 'login', 'issue']","['fix', 'login', 'issu']"
46,UI glitch in menu,Bug,Low,To Do,2025-06-26,ui glitch in menu,"['ui', 'glitch', 'in', 'menu']","['ui', 'glitch', 'menu']","['ui', 'glitch', 'menu']"
47,Null pointer error,Bug,Low,To Do,2025-07-04,null pointer error,"['null', 'pointer', 'error']","['null', 'pointer', 'error']","['null', 'pointer', 'error']"
48,Crash on launch,Bug,High,Done,2025-06-12,crash on launch,"['crash', 'on', 'launch']","['crash', 'launch']","['crash', 'launch']"
49,Null pointer error,Bug,High,To Do,2025-06-13,null pointer error,"['null', 'pointer', 'error']","['null', 'pointer', 'error']","['null', 'pointer', 'error']"
50,Fix login issue,Bug,Low,In Progress,2025-07-04,fix login issue,"['fix', 'login', 'issue']","['fix', 'login', 'issue']","['fix', 'login', 'issu']"
51,UI glitch in menu,Bug,High,To Do,2025-06-17,ui glitch in menu,"['ui', 'glitch', 'in', 'menu']","['ui', 'glitch', 'menu']","['ui', 'glitch', 'menu']"
52,Null pointer error,Bug,Medium,To Do,2025-06-13,null pointer error,"['null', 'pointer', 'error']","['null', 'pointer', 'error']","['null', 'pointer', 'error']"
53,UI glitch in menu,Bug,High,Done,2025-06-13,ui glitch in menu,"['ui', 'glitch', 'in', 'menu']","['ui', 'glitch', 'menu']","['ui', 'glitch', 'menu']"
54,Crash on launch,Bug,Low,In Progress,2025-06-18,crash on launch,"['crash', 'on', 'launch']","['crash', 'launch']","['crash', 'launch']"
55,Crash on launch,Bug,Medium,In Progress,2025-07-09,crash on launch,"['crash', 'on', 'launch']","['crash', 'launch']","['crash', 'launch']"
56,Null pointer error,Bug,Low,Done,2025-06-26,null pointer error,"['null', 'pointer', 'error']","['null', 'pointer', 'error']","['null', 'pointer', 'error']"
57,Crash on launch,Bug,High,Done,2025-06-29,crash on launch,"['crash', 'on', 'launch']","['crash', 'launch']","['crash', 'launch']"
58,Fix login issue,Bug,Medium,To Do,2025-06-16,fix login issue,"['fix', 'login', 'issue']","['fix', 'login', 'issue']","['fix', 'login', 'issu']"
59,Fix login issue,Bug,High,In Progress,2025-07-06,fix login issue,"['fix', 'login', 'issue']","['fix', 'login', 'issue']","['fix', 'login', 'issu']"
60,Resolve payment bug,Bug,High,In Progress,2025-06-25,resolve payment bug,"['resolve', 'payment', 'bug']","['resolve', 'payment', 'bug']","['resolv', 'payment', 'bug']"
61,Crash on launch,Bug,High,To Do,2025-06-23,crash on launch,"['crash', 'on', 'launch']","['crash', 'launch']","['crash', 'launch']"
62,Null pointer error,Bug,Low,In Progress,2025-07-06,null pointer error,"['null', 'pointer', 'error']","['null', 'pointer', 'error']","['null', 'pointer', 'error']"
63,UI glitch in menu,Bug,Low,In Progress,2025-06-14,ui glitch in menu,"['ui', 'glitch', 'in', 'menu']","['ui', 'glitch', 'menu']","['ui', 'glitch', 'menu']"
64,Resolve payment bug,Bug,Medium,In Progress,2025-07-03,resolve payment bug,"['resolve', 'payment', 'bug']","['resolve', 'payment', 'bug']","['resolv', 'payment', 'bug']"
65,Resolve payment bug,Bug,Medium,To Do,2025-07-04,resolve payment bug,"['resolve', 'payment', 'bug']","['resolve', 'payment', 'bug']","['resolv', 'payment', 'bug']"
66,Crash on launch,Bug,Medium,Done,2025-07-10,crash on launch,"['crash', 'on', 'launch']","['crash', 'launch']","['crash', 'launch']"
67,Resolve payment bug,Bug,Low,Done,2025-07-08,resolve payment bug,"['resolve', 'payment', 'bug']","['resolve', 'payment', 'bug']","['resolv', 'payment', 'bug']"
68,UI glitch in menu,Bug,Medium,In Progress,2025-06-14,ui glitch in menu,"['ui', 'glitch', 'in', 'menu']","['ui', 'glitch', 'menu']","['ui', 'glitch', 'menu']"
69,Null pointer error,Bug,High,Done,2025-07-08,null pointer error,"['null', 'pointer', 'error']","['null', 'pointer', 'error']","['null', 'pointer', 'error']"
70,Resolve payment bug,Bug,High,In Progress,2025-06-20,resolve payment bug,"['resolve', 'payment', 'bug']","['resolve', 'payment', 'bug']","['resolv', 'payment', 'bug']"
71,Fix login issue,Bug,Medium,To Do,2025-06-18,fix login issue,"['fix', 'login', 'issue']","['fix', 'login', 'issue']","['fix', 'login', 'issu']"
72,Crash on launch,Bug,Medium,Done,2025-06-29,crash on launch,"['crash', 'on', 'launch']","['crash', 'launch']","['crash', 'launch']"
73,Resolve payment bug,Bug,Medium,In Progress,2025-07-07,resolve payment bug,"['resolve', 'payment', 'bug']","['resolve', 'payment', 'bug']","['resolv', 'payment', 'bug']"
74,UI glitch in menu,Bug,High,Done,2025-06-15,ui glitch in menu,"['ui', 'glitch', 'in', 'menu']","['ui', 'glitch', 'menu']","['ui', 'glitch', 'menu']"
75,Crash on launch,Bug,Medium,In Progress,2025-06-13,crash on launch,"['crash', 'on', 'launch']","['crash', 'launch']","['crash', 'launch']"
76,Null pointer error,Bug,Medium,In Progress,2025-06-14,null pointer error,"['null', 'pointer', 'error']","['null', 'pointer', 'error']","['null', 'pointer', 'error']"
77,UI glitch in menu,Bug,Low,Done,2025-06-29,ui glitch in menu,"['ui', 'glitch', 'in', 'menu']","['ui', 'glitch', 'menu']","['ui', 'glitch', 'menu']"
78,Fix login issue,Bug,Low,Done,2025-06-15,fix login issue,"['fix', 'login', 'issue']","['fix', 'login', 'issue']","['fix', 'login', 'issu']"
79,Resolve payment bug,Bug,Low,To Do,2025-07-08,resolve payment bug,"['resolve', 'payment', 'bug']","['resolve', 'payment', 'bug']","['resolv', 'payment', 'bug']"
80,Fix login issue,Bug,High,Done,2025-07-10,fix login issue,"['fix', 'login', 'issue']","['fix', 'login', 'issue']","['fix', 'login', 'issu']"
81,Crash on launch,Bug,Low,In Progress,2025-06-25,crash on launch,"['crash', 'on', 'launch']","['crash', 'launch']","['crash', 'launch']"
82,Fix login issue,Bug,High,In Progress,2025-06-17,fix login issue,"['fix', 'login', 'issue']","['fix', 'login', 'issue']","['fix', 'login', 'issu']"
83,Null pointer error,Bug,Medium,In Progress,2025-06-29,null pointer error,"['null', 'pointer', 'error']","['null', 'pointer', 'error']","['null', 'pointer', 'error']"
84,Null pointer error,Bug,High,To Do,2025-06-14,null pointer error,"['null', 'pointer', 'error']","['null', 'pointer', 'error']","['null', 'pointer', 'error']"
85,Crash on launch,Bug,Low,In Progress,2025-06-27,crash on launch,"['crash', 'on', 'launch']","['crash', 'launch']","['crash', 'launch']"
86,Resolve payment bug,Bug,Low,Done,2025-06-18,resolve payment bug,"['resolve', 'payment', 'bug']","['resolve', 'payment', 'bug']","['resolv', 'payment', 'bug']"
87,Crash on launch,Bug,High,To Do,2025-07-10,crash on launch,"['crash', 'on', 'launch']","['crash', 'launch']","['crash', 'launch']"
88,Fix login issue,Bug,Low,To Do,2025-06-20,fix login issue,"['fix', 'login', 'issue']","['fix', 'login', 'issue']","['fix', 'login', 'issu']"
89,Resolve payment bug,Bug,High,In Progress,2025-07-05,resolve payment bug,"['resolve', 'payment', 'bug']","['resolve', 'payment', 'bug']","['resolv', 'payment', 'bug']"
90,UI glitch in menu,Bug,High,To Do,2025-06-18,ui glitch in menu,"['ui', 'glitch', 'in', 'menu']","['ui', 'glitch', 'menu']","['ui', 'glitch', 'menu']"
91,Null pointer error,Bug,Low,To Do,2025-06-28,null pointer error,"['null', 'pointer', 'error']","['null', 'pointer', 'error']","['null', 'pointer', 'error']"
92,Crash on launch,Bug,Medium,Done,2025-06-28,crash on launch,"['crash', 'on', 'launch']","['crash', 'launch']","['crash', 'launch']"
93,UI glitch in menu,Bug,Low,In Progress,2025-06-18,ui glitch in menu,"['ui', 'glitch', 'in', 'menu']","['ui', 'glitch', 'menu']","['ui', 'glitch', 'menu']"
94,Null pointer error,Bug,Medium,To Do,2025-06-24,null pointer error,"['null', 'pointer', 'error']","['null', 'pointer', 'error']","['null', 'pointer', 'error']"
95,Crash on launch,Bug,High,To Do,2025-07-06,crash on launch,"['crash', 'on', 'launch']","['crash', 'launch']","['crash', 'launch']"
96,Resolve payment bug,Bug,Medium,Done,2025-06-15,resolve payment bug,"['resolve', 'payment', 'bug']","['resolve', 'payment', 'bug']","['resolv', 'payment', 'bug']"
97,Crash on launch,Bug,High,In Progress,2025-07-10,crash on launch,"['crash', 'on', 'launch']","['crash', 'launch']","['crash', 'launch']"
98,Crash on launch,Bug,Medium,In Progress,2025-06-13,crash on launch,"['crash', 'on', 'launch']","['crash', 'launch']","['crash', 'launch']"
99,Fix login issue,Bug,Medium,Done,2025-06-26,fix login issue,"['fix', 'login', 'issue']","['fix', 'login', 'issue']","['fix', 'login', 'issu']"
100,Fix login issue,Bug,Medium,Done,2025-07-10,fix login issue,"['fix', 'login', 'issue']","['fix', 'login', 'issue']","['fix', 'login', 'issu']"
101,Implement search filter,Feature,High,In Progress,2025-07-04,implement search filter,"['implement', 'search', 'filter']","['implement', 'search', 'filter']","['implement', 'search', 'filter']"
102,Build notification system,Feature,Medium,To Do,2025-06-23,build notification system,"['build', 'notification', 'system']","['build', 'notification', 'system']","['build', 'notif', 'system']"
103,Build notification system,Feature,Medium,In Progress,2025-07-11,build notification system,"['build', 'notification', 'system']","['build', 'notification', 'system']","['build', 'notif', 'system']"
104,Implement search filter,Feature,High,Done,2025-06-29,implement search filter,"['implement', 'search', 'filter']","['implement', 'search', 'filter']","['implement', 'search', 'filter']"
105,Build notification system,Feature,High,In Progress,2025-06-24,build notification system,"['build', 'notification', 'system']","['build', 'notification', 'system']","['build', 'notif', 'system']"
106,Integrate chat module,Feature,High,In Progress,2025-07-06,integrate chat module,"['integrate', 'chat', 'module']","['integrate', 'chat', 'module']","['integr', 'chat', 'modul']"
107,Implement search filter,Feature,Medium,To Do,2025-07-06,implement search filter,"['implement', 'search', 'filter']","['implement', 'search', 'filter']","['implement', 'search', 'filter']"
108,Integrate chat module,Feature,High,In Progress,2025-06-12,integrate chat module,"['integrate', 'chat', 'module']","['integrate', 'chat', 'module']","['integr', 'chat', 'modul']"
109,Build notification system,Feature,High,To Do,2025-07-02,build notification system,"['build', 'notification', 'system']","['build', 'notification', 'system']","['build', 'notif', 'system']"
110,Add dark mode,Feature,Low,Done,2025-06-18,add dark mode,"['add', 'dark', 'mode']","['add', 'dark', 'mode']","['add', 'dark', 'mode']"
111,Implement search filter,Feature,Medium,In Progress,2025-06-20,implement search filter,"['implement', 'search', 'filter']","['implement', 'search', 'filter']","['implement', 'search', 'filter']"
112,Implement search filter,Feature,Low,In Progress,2025-06-26,implement search filter,"['implement', 'search', 'filter']","['implement', 'search', 'filter']","['implement', 'search', 'filter']"
113,Add dark mode,Feature,Low,To Do,2025-06-25,add dark mode,"['add', 'dark', 'mode']","['add', 'dark', 'mode']","['add', 'dark', 'mode']"
114,Build notification system,Feature,Medium,In Progress,2025-07-07,build notification system,"['build', 'notification', 'system']","['build', 'notification', 'system']","['build', 'notif', 'system']"
115,Add dark mode,Feature,Medium,To Do,2025-06-18,add dark mode,"['add', 'dark', 'mode']","['add', 'dark', 'mode']","['add', 'dark', 'mode']"
116,Build notification system,Feature,Medium,To Do,2025-06-29,build notification system,"['build', 'notification', 'system']","['build', 'notification', 'system']","['build', 'notif', 'system']"
117,Implement search filter,Feature,High,In Progress,2025-06-29,implement search filter,"['implement', 'search', 'filter']","['implement', 'search', 'filter']","['implement', 'search', 'filter']"
118,Integrate chat module,Feature,High,Done,2025-06-15,integrate chat module,"['integrate', 'chat', 'module']","['integrate', 'chat', 'module']","['integr', 'chat', 'modul']"
119,Build notification system,Feature,Medium,To Do,2025-06-19,build notification system,"['build', 'notification', 'system']","['build', 'notification', 'system']","['build', 'notif', 'system']"
120,Integrate chat module,Feature,High,Done,2025-07-05,integrate chat module,"['integrate', 'chat', 'module']","['integrate', 'chat', 'module']","['integr', 'chat', 'modul']"
121,Build notification system,Feature,Medium,To Do,2025-06-15,build notification system,"['build', 'notification', 'system']","['build', 'notification', 'system']","['build', 'notif', 'system']"
122,Build notification system,Feature,Low,In Progress,2025-06-21,build notification system,"['build', 'notification', 'system']","['build', 'notification', 'system']","['build', 'notif', 'system']"
123,Add dark mode,Feature,Low,Done,2025-06-21,add dark mode,"['add', 'dark', 'mode']","['add', 'dark', 'mode']","['add', 'dark', 'mode']"
124,Build notification system,Feature,High,Done,2025-06-18,build notification system,"['build', 'notification', 'system']","['build', 'notification', 'system']","['build', 'notif', 'system']"
125,Implement search filter,Feature,High,In Progress,2025-06-25,implement search filter,"['implement', 'search', 'filter']","['implement', 'search', 'filter']","['implement', 'search', 'filter']"
126,Add dark mode,Feature,High,To Do,2025-06-13,add dark mode,"['add', 'dark', 'mode']","['add', 'dark', 'mode']","['add', 'dark', 'mode']"
127,Integrate chat module,Feature,High,Done,2025-06-30,integrate chat module,"['integrate', 'chat', 'module']","['integrate', 'chat', 'module']","['integr', 'chat', 'modul']"
128,Build notification system,Feature,Low,In Progress,2025-06-13,build notification system,"['build', 'notification', 'system']","['build', 'notification', 'system']","['build', 'notif', 'system']"
129,Build notification system,Feature,High,In Progress,2025-07-06,build notification system,"['build', 'notification', 'system']","['build', 'notification', 'system']","['build', 'notif', 'system']"
130,Add dark mode,Feature,High,To Do,2025-06-27,add dark mode,"['add', 'dark', 'mode']","['add', 'dark', 'mode']","['add', 'dark', 'mode']"
131,Implement search filter,Feature,High,In Progress,2025-06-19,implement search filter,"['implement', 'search', 'filter']","['implement', 'search', 'filter']","['implement', 'search', 'filter']"
132,Build notification system,Feature,Medium,To Do,2025-06-18,build notification system,"['build', 'notification', 'system']","['build', 'notification', 'system']","['build', 'notif', 'system']"
133,Implement search filter,Feature,High,In Progress,2025-07-01,implement search filter,"['implement', 'search', 'filter']","['implement', 'search', 'filter']","['implement', 'search', 'filter']"
134,Add dark mode,Feature,Low,In Progress,2025-07-10,add dark mode,"['add', 'dark', 'mode']","['add', 'dark', 'mode']","['add', 'dark', 'mode']"
135,Integrate chat module,Feature,Low,In Progress,2025-07-05,integrate chat module,"['integrate', 'chat', 'module']","['integrate', 'chat', 'module']","['integr', 'chat', 'modul']"
136,Implement search filter,Feature,Medium,In Progress,2025-06-28,implement search filter,"['implement', 'search', 'filter']","['implement', 'search', 'filter']","['implement', 'search', 'filter']"
137,Integrate chat module,Feature,High,To Do,2025-06-22,integrate chat module,"['integrate', 'chat', 'module']","['integrate', 'chat', 'module']","['integr', 'chat', 'modul']"
138,Add dark mode,Feature,Medium,To Do,2025-06-21,add dark mode,"['add', 'dark', 'mode']","['add', 'dark', 'mode']","['add', 'dark', 'mode']"
139,Add dark mode,Feature,High,Done,2025-07-05,add dark mode,"['add', 'dark', 'mode']","['add', 'dark', 'mode']","['add', 'dark', 'mode']"
140,Build notification system,Feature,High,To Do,2025-07-07,build notification system,"['build', 'notification', 'system']","['build', 'notification', 'system']","['build', 'notif', 'system']"
141,Integrate chat module,Feature,High,In Progress,2025-07-02,integrate chat module,"['integrate', 'chat', 'module']","['integrate', 'chat', 'module']","['integr', 'chat', 'modul']"
142,Integrate chat module,Feature,Low,In Progress,2025-06-24,integrate chat module,"['integrate', 'chat', 'module']","['integrate', 'chat', 'module']","['integr', 'chat', 'modul']"
143,Build notification system,Feature,High,To Do,2025-07-11,build notification system,"['build', 'notification', 'system']","['build', 'notification', 'system']","['build', 'notif', 'system']"
144,Build notification system,Feature,Medium,Done,2025-06-25,build notification system,"['build', 'notification', 'system']","['build', 'notification', 'system']","['build', 'notif', 'system']"
145,Integrate chat module,Feature,Low,Done,2025-07-11,integrate chat module,"['integrate', 'chat', 'module']","['integrate', 'chat', 'module']","['integr', 'chat', 'modul']"
146,Build notification system,Feature,Low,In Progress,2025-06-27,build notification system,"['build', 'notification', 'system']","['build', 'notification', 'system']","['build', 'notif', 'system']"
147,Add dark mode,Feature,Medium,Done,2025-06-16,add dark mode,"['add', 'dark', 'mode']","['add', 'dark', 'mode']","['add', 'dark', 'mode']"
148,Build notification system,Feature,Low,To Do,2025-07-06,build notification system,"['build', 'notification', 'system']","['build', 'notification', 'system']","['build', 'notif', 'system']"
149,Implement search filter,Feature,Medium,In Progress,2025-06-21,implement search filter,"['implement', 'search', 'filter']","['implement', 'search', 'filter']","['implement', 'search', 'filter']"
150,Implement search filter,Feature,Low,In Progress,2025-07-10,implement search filter,"['implement', 'search', 'filter']","['implement', 'search', 'filter']","['implement', 'search', 'filter']"
151,Implement search filter,Feature,High,Done,2025-06-30,implement search filter,"['implement', 'search', 'filter']","['implement', 'search', 'filter']","['implement', 'search', 'filter']"
152,Build notification system,Feature,Medium,To Do,2025-06-20,build notification system,"['build', 'notification', 'system']","['build', 'notification', 'system']","['build', 'notif', 'system']"
153,Build notification system,Feature,Medium,In Progress,2025-06-26,build notification system,"['build', 'notification', 'system']","['build', 'notification', 'system']","['build', 'notif', 'system']"
154,Implement search filter,Feature,Low,Done,2025-06-18,implement search filter,"['implement', 'search', 'filter']","['implement', 'search', 'filter']","['implement', 'search', 'filter']"
155,Add dark mode,Feature,Low,In Progress,2025-07-08,add dark mode,"['add', 'dark', 'mode']","['add', 'dark', 'mode']","['add', 'dark', 'mode']"
156,Implement search filter,Feature,High,Done,2025-06-12,implement search filter,"['implement', 'search', 'filter']","['implement', 'search', 'filter']","['implement', 'search', 'filter']"
157,Implement search filter,Feature,Medium,To Do,2025-06-30,implement search filter,"['implement', 'search', 'filter']","['implement', 'search', 'filter']","['implement', 'search', 'filter']"
158,Build notification system,Feature,Medium,Done,2025-06-14,build notification system,"['build', 'notification', 'system']","['build', 'notification', 'system']","['build', 'notif', 'system']"
159,Build notification system,Feature,Medium,To Do,2025-06-13,build notification system,"['build', 'notification', 'system']","['build', 'notification', 'system']","['build', 'notif', 'system']"
160,Integrate chat module,Feature,Medium,In Progress,2025-07-05,integrate chat module,"['integrate', 'chat', 'module']","['integrate', 'chat', 'module']","['integr', 'chat', 'modul']"
161,Implement search filter,Feature,Low,In Progress,2025-07-10,implement search filter,"['implement', 'search', 'filter']","['implement', 'search', 'filter']","['implement', 'search', 'filter']"
162,Add dark mode,Feature,High,To Do,2025-06-14,add dark mode,"['add', 'dark', 'mode']","['add', 'dark', 'mode']","['add', 'dark', 'mode']"
163,Implement search filter,Feature,High,To Do,2025-07-06,implement search filter,"['implement', 'search', 'filter']","['implement', 'search', 'filter']","['implement', 'search', 'filter']"
164,Integrate chat module,Feature,Medium,Done,2025-07-09,integrate chat module,"['integrate', 'chat', 'module']","['integrate', 'chat', 'module']","['integr', 'chat', 'modul']"
165,Integrate chat module,Feature,Medium,Done,2025-07-11,integrate chat module,"['integrate', 'chat', 'module']","['integrate', 'chat', 'module']","['integr', 'chat', 'modul']"
166,Implement search filter,Feature,Medium,Done,2025-06-23,implement search filter,"['implement', 'search', 'filter']","['implement', 'search', 'filter']","['implement', 'search', 'filter']"
167,Add dark mode,Feature,High,In Progress,2025-06-18,add dark mode,"['add', 'dark', 'mode']","['add', 'dark', 'mode']","['add', 'dark', 'mode']"
168,Implement search filter,Feature,High,Done,2025-07-03,implement search filter,"['implement', 'search', 'filter']","['implement', 'search', 'filter']","['implement', 'search', 'filter']"
169,Build notification system,Feature,Low,Done,2025-07-02,build notification system,"['build', 'notification', 'system']","['build', 'notification', 'system']","['build', 'notif', 'system']"
170,Add dark mode,Feature,Low,To Do,2025-07-11,add dark mode,"['add', 'dark', 'mode']","['add', 'dark', 'mode']","['add', 'dark', 'mode']"
171,Add dark mode,Feature,High,To Do,2025-06-20,add dark mode,"['add', 'dark', 'mode']","['add', 'dark', 'mode']","['add', 'dark', 'mode']"
172,Add dark mode,Feature,Low,In Progress,2025-06-22,add dark mode,"['add', 'dark', 'mode']","['add', 'dark', 'mode']","['add', 'dark', 'mode']"
173,Add dark mode,Feature,High,To Do,2025-06-24,add dark mode,"['add', 'dark', 'mode']","['add', 'dark', 'mode']","['add', 'dark', 'mode']"
174,Build notification system,Feature,Low,To Do,2025-06-19,build notification system,"['build', 'notification', 'system']","['build', 'notification', 'system']","['build', 'notif', 'system']"
175,Add dark mode,Feature,Low,To Do,2025-07-08,add dark mode,"['add', 'dark', 'mode']","['add', 'dark', 'mode']","['add', 'dark', 'mode']"
176,Implement search filter,Feature,High,Done,2025-07-08,implement search filter,"['implement', 'search', 'filter']","['implement', 'search', 'filter']","['implement', 'search', 'filter']"
177,Implement search filter,Feature,Low,In Progress,2025-06-23,implement search filter,"['implement', 'search', 'filter']","['implement', 'search', 'filter']","['implement', 'search', 'filter']"
178,Build notification system,Feature,Medium,In Progress,2025-06-14,build notification system,"['build', 'notification', 'system']","['build', 'notification', 'system']","['build', 'notif', 'system']"
179,Build notification system,Feature,Low,To Do,2025-07-11,build notification system,"['build', 'notification', 'system']","['build', 'notification', 'system']","['build', 'notif', 'system']"
180,Add dark mode,Feature,Low,In Progress,2025-07-03,add dark mode,"['add', 'dark', 'mode']","['add', 'dark', 'mode']","['add', 'dark', 'mode']"
181,Add dark mode,Feature,Low,Done,2025-06-20,add dark mode,"['add', 'dark', 'mode']","['add', 'dark', 'mode']","['add', 'dark', 'mode']"
182,Integrate chat module,Feature,Low,Done,2025-07-01,integrate chat module,"['integrate', 'chat', 'module']","['integrate', 'chat', 'module']","['integr', 'chat', 'modul']"
183,Integrate chat module,Feature,High,In Progress,2025-07-02,integrate chat module,"['integrate', 'chat', 'module']","['integrate', 'chat', 'module']","['integr', 'chat', 'modul']"
184,Build notification system,Feature,Low,To Do,2025-06-14,build notification system,"['build', 'notification', 'system']","['build', 'notification', 'system']","['build', 'notif', 'system']"
185,Integrate chat module,Feature,High,In Progress,2025-07-07,integrate chat module,"['integrate', 'chat', 'module']","['integrate', 'chat', 'module']","['integr', 'chat', 'modul']"
186,Build notification system,Feature,Low,In Progress,2025-06-30,build notification system,"['build', 'notification', 'system']","['build', 'notification', 'system']","['build', 'notif', 'system']"
187,Build notification system,Feature,Medium,Done,2025-06-13,build notification system,"['build', 'notification', 'system']","['build', 'notification', 'system']","['build', 'notif', 'system']"
188,Add dark mode,Feature,High,To Do,2025-07-08,add dark mode,"['add', 'dark', 'mode']","['add', 'dark', 'mode']","['add', 'dark', 'mode']"
189,Add dark mode,Feature,Low,In Progress,2025-07-11,add dark mode,"['add', 'dark', 'mode']","['add', 'dark', 'mode']","['add', 'dark', 'mode']"
190,Add dark mode,Feature,Medium,In Progress,2025-06-12,add dark mode,"['add', 'dark', 'mode']","['add', 'dark', 'mode']","['add', 'dark', 'mode']"
191,Implement search filter,Feature,Low,Done,2025-07-01,implement search filter,"['implement', 'search', 'filter']","['implement', 'search', 'filter']","['implement', 'search', 'filter']"
192,Integrate chat module,Feature,High,Done,2025-07-01,integrate chat module,"['integrate', 'chat', 'module']","['integrate', 'chat', 'module']","['integr', 'chat', 'modul']"
193,Integrate chat module,Feature,Low,Done,2025-06-26,integrate chat module,"['integrate', 'chat', 'module']","['integrate', 'chat', 'module']","['integr', 'chat', 'modul']"
194,Implement search filter,Feature,Medium,To Do,2025-07-05,implement search filter,"['implement', 'search', 'filter']","['implement', 'search', 'filter']","['implement', 'search', 'filter']"
195,Integrate chat module,Feature,Medium,In Progress,2025-06-13,integrate chat module,"['integrate', 'chat', 'module']","['integrate', 'chat', 'module']","['integr', 'chat', 'modul']"
196,Build notification system,Feature,Low,In Progress,2025-06-28,build notification system,"['build', 'notification', 'system']","['build', 'notification', 'system']","['build', 'notif', 'system']"
197,Implement search filter,Feature,Low,To Do,2025-06-23,implement search filter,"['implement', 'search', 'filter']","['implement', 'search', 'filter']","['implement', 'search', 'filter']"
198,Build notification system,Feature,High,Done,2025-06-30,build notification system,"['build', 'notification', 'system']","['build', 'notification', 'system']","['build', 'notif', 'system']"
199,Implement search filter,Feature,Medium,Done,2025-06-23,implement search filter,"['implement', 'search', 'filter']","['implement', 'search', 'filter']","['implement', 'search', 'filter']"
200,Build notification system,Feature,Medium,To Do,2025-06-22,build notification system,"['build', 'notification', 'system']","['build', 'notification', 'system']","['build', 'notif', 'system']"
201,Document new features,Documentation,Low,To Do,2025-07-05,document new features,"['document', 'new', 'features']","['document', 'new', 'features']","['document', 'new', 'featur']"
202,Document new features,Documentation,Medium,To Do,2025-07-02,document new features,"['document', 'new', 'features']","['document', 'new', 'features']","['document', 'new', 'featur']"
203,Document new features,Documentation,High,Done,2025-06-18,document new features,"['document', 'new', 'features']","['document', 'new', 'features']","['document', 'new', 'featur']"
204,Write README,Documentation,Low,To Do,2025-06-15,write readme,"['write', 'readme']","['write', 'readme']","['write', 'readm']"
205,Write README,Documentation,Medium,To Do,2025-06-12,write readme,"['write', 'readme']","['write', 'readme']","['write', 'readm']"
206,Update user manual,Documentation,Low,In Progress,2025-06-17,update user manual,"['update', 'user', 'manual']","['update', 'user', 'manual']","['updat', 'user', 'manual']"
207,Update user manual,Documentation,High,To Do,2025-06-24,update user manual,"['update', 'user', 'manual']","['update', 'user', 'manual']","['updat', 'user', 'manual']"
208,Update user manual,Documentation,High,To Do,2025-06-21,update user manual,"['update', 'user', 'manual']","['update', 'user', 'manual']","['updat', 'user', 'manual']"
209,Update user manual,Documentation,High,Done,2025-07-04,update user manual,"['update', 'user', 'manual']","['update', 'user', 'manual']","['updat', 'user', 'manual']"
210,Document new features,Documentation,High,In Progress,2025-06-19,document new features,"['document', 'new', 'features']","['document', 'new', 'features']","['document', 'new', 'featur']"
211,Document new features,Documentation,Low,To Do,2025-06-24,document new features,"['document', 'new', 'features']","['document', 'new', 'features']","['document', 'new', 'featur']"
212,Improve API docs,Documentation,Low,To Do,2025-06-27,improve api docs,"['improve', 'api', 'docs']","['improve', 'api', 'docs']","['improv', 'api', 'doc']"
213,Improve API docs,Documentation,Medium,In Progress,2025-06-25,improve api docs,"['improve', 'api', 'docs']","['improve', 'api', 'docs']","['improv', 'api', 'doc']"
214,Improve API docs,Documentation,Medium,Done,2025-06-21,improve api docs,"['improve', 'api', 'docs']","['improve', 'api', 'docs']","['improv', 'api', 'doc']"
215,Update user manual,Documentation,Low,To Do,2025-07-08,update user manual,"['update', 'user', 'manual']","['update', 'user', 'manual']","['updat', 'user', 'manual']"
216,Document new features,Documentation,Medium,To Do,2025-06-19,document new features,"['document', 'new', 'features']","['document', 'new', 'features']","['document', 'new', 'featur']"
217,Write README,Documentation,Low,Done,2025-07-07,write readme,"['write', 'readme']","['write', 'readme']","['write', 'readm']"
218,Document new features,Documentation,Medium,In Progress,2025-06-13,document new features,"['document', 'new', 'features']","['document', 'new', 'features']","['document', 'new', 'featur']"
219,Update user manual,Documentation,Medium,To Do,2025-06-20,update user manual,"['update', 'user', 'manual']","['update', 'user', 'manual']","['updat', 'user', 'manual']"
220,Document new features,Documentation,Medium,In Progress,2025-06-30,document new features,"['document', 'new', 'features']","['document', 'new', 'features']","['document', 'new', 'featur']"
221,Document new features,Documentation,Medium,Done,2025-06-20,document new features,"['document', 'new', 'features']","['document', 'new', 'features']","['document', 'new', 'featur']"
222,Write README,Documentation,High,To Do,2025-06-29,write readme,"['write', 'readme']","['write', 'readme']","['write', 'readm']"
223,Document new features,Documentation,High,Done,2025-06-12,document new features,"['document', 'new', 'features']","['document', 'new', 'features']","['document', 'new', 'featur']"
224,Write README,Documentation,Medium,In Progress,2025-07-02,write readme,"['write', 'readme']","['write', 'readme']","['write', 'readm']"
225,Improve API docs,Documentation,High,To Do,2025-06-12,improve api docs,"['improve', 'api', 'docs']","['improve', 'api', 'docs']","['improv', 'api', 'doc']"
226,Document new features,Documentation,High,In Progress,2025-06-21,document new features,"['document', 'new', 'features']","['document', 'new', 'features']","['document', 'new', 'featur']"
227,Update user manual,Documentation,Medium,Done,2025-06-13,update user manual,"['update', 'user', 'manual']","['update', 'user', 'manual']","['updat', 'user', 'manual']"
228,Write README,Documentation,High,To Do,2025-06-29,write readme,"['write', 'readme']","['write', 'readme']","['write', 'readm']"
229,Write README,Documentation,Medium,In Progress,2025-06-15,write readme,"['write', 'readme']","['write', 'readme']","['write', 'readm']"
230,Document new features,Documentation,Medium,In Progress,2025-06-29,document new features,"['document', 'new', 'features']","['document', 'new', 'features']","['document', 'new', 'featur']"
231,Update user manual,Documentation,High,Done,2025-07-06,update user manual,"['update', 'user', 'manual']","['update', 'user', 'manual']","['updat', 'user', 'manual']"
232,Improve API docs,Documentation,High,In Progress,2025-06-14,improve api docs,"['improve', 'api', 'docs']","['improve', 'api', 'docs']","['improv', 'api', 'doc']"
233,Document new features,Documentation,Low,To Do,2025-06-15,document new features,"['document', 'new', 'features']","['document', 'new', 'features']","['document', 'new', 'featur']"
234,Document new features,Documentation,High,Done,2025-06-25,document new features,"['document', 'new', 'features']","['document', 'new', 'features']","['document', 'new', 'featur']"
235,Improve API docs,Documentation,High,To Do,2025-06-15,improve api docs,"['improve', 'api', 'docs']","['improve', 'api', 'docs']","['improv', 'api', 'doc']"
236,Update user manual,Documentation,High,In Progress,2025-06-30,update user manual,"['update', 'user', 'manual']","['update', 'user', 'manual']","['updat', 'user', 'manual']"
237,Document new features,Documentation,Medium,Done,2025-06-21,document new features,"['document', 'new', 'features']","['document', 'new', 'features']","['document', 'new', 'featur']"
238,Update user manual,Documentation,Low,To Do,2025-07-01,update user manual,"['update', 'user', 'manual']","['update', 'user', 'manual']","['updat', 'user', 'manual']"
239,Improve API docs,Documentation,Low,To Do,2025-06-23,improve api docs,"['improve', 'api', 'docs']","['improve', 'api', 'docs']","['improv', 'api', 'doc']"
240,Improve API docs,Documentation,High,In Progress,2025-07-06,improve api docs,"['improve', 'api', 'docs']","['improve', 'api', 'docs']","['improv', 'api', 'doc']"
241,Update user manual,Documentation,Medium,Done,2025-06-25,update user manual,"['update', 'user', 'manual']","['update', 'user', 'manual']","['updat', 'user', 'manual']"
242,Update user manual,Documentation,High,Done,2025-06-18,update user manual,"['update', 'user', 'manual']","['update', 'user', 'manual']","['updat', 'user', 'manual']"
243,Update user manual,Documentation,High,Done,2025-06-13,update user manual,"['update', 'user', 'manual']","['update', 'user', 'manual']","['updat', 'user', 'manual']"
244,Update user manual,Documentation,High,Done,2025-06-20,update user manual,"['update', 'user', 'manual']","['update', 'user', 'manual']","['updat', 'user', 'manual']"
245,Write README,Documentation,High,Done,2025-06-20,write readme,"['write', 'readme']","['write', 'readme']","['write', 'readm']"
246,Improve API docs,Documentation,Low,To Do,2025-06-13,improve api docs,"['improve', 'api', 'docs']","['improve', 'api', 'docs']","['improv', 'api', 'doc']"
247,Improve API docs,Documentation,High,In Progress,2025-06-29,improve api docs,"['improve', 'api', 'docs']","['improve', 'api', 'docs']","['improv', 'api', 'doc']"
248,Write README,Documentation,Medium,To Do,2025-06-20,write readme,"['write', 'readme']","['write', 'readme']","['write', 'readm']"
249,Document new features,Documentation,High,To Do,2025-06-21,document new features,"['document', 'new', 'features']","['document', 'new', 'features']","['document', 'new', 'featur']"
250,Document new features,Documentation,High,To Do,2025-07-06,document new features,"['document', 'new', 'features']","['document', 'new', 'features']","['document', 'new', 'featur']"
251,Improve API docs,Documentation,Low,In Progress,2025-07-11,improve api docs,"['improve', 'api', 'docs']","['improve', 'api', 'docs']","['improv', 'api', 'doc']"
252,Update user manual,Documentation,High,To Do,2025-06-30,update user manual,"['update', 'user', 'manual']","['update', 'user', 'manual']","['updat', 'user', 'manual']"
253,Write README,Documentation,Medium,Done,2025-07-11,write readme,"['write', 'readme']","['write', 'readme']","['write', 'readm']"
254,Document new features,Documentation,Medium,In Progress,2025-07-11,document new features,"['document', 'new', 'features']","['document', 'new', 'features']","['document', 'new', 'featur']"
255,Update user manual,Documentation,Medium,In Progress,2025-06-25,update user manual,"['update', 'user', 'manual']","['update', 'user', 'manual']","['updat', 'user', 'manual']"
256,Update user manual,Documentation,High,To Do,2025-06-15,update user manual,"['update', 'user', 'manual']","['update', 'user', 'manual']","['updat', 'user', 'manual']"
257,Write README,Documentation,Low,To Do,2025-06-25,write readme,"['write', 'readme']","['write', 'readme']","['write', 'readm']"
258,Update user manual,Documentation,Medium,In Progress,2025-07-03,update user manual,"['update', 'user', 'manual']","['update', 'user', 'manual']","['updat', 'user', 'manual']"
259,Update user manual,Documentation,Medium,In Progress,2025-07-05,update user manual,"['update', 'user', 'manual']","['update', 'user', 'manual']","['updat', 'user', 'manual']"
260,Write README,Documentation,High,In Progress,2025-07-01,write readme,"['write', 'readme']","['write', 'readme']","['write', 'readm']"
261,Update user manual,Documentation,Low,To Do,2025-06-28,update user manual,"['update', 'user', 'manual']","['update', 'user', 'manual']","['updat', 'user', 'manual']"
262,Update user manual,Documentation,High,In Progress,2025-06-22,update user manual,"['update', 'user', 'manual']","['update', 'user', 'manual']","['updat', 'user', 'manual']"
263,Write README,Documentation,High,To Do,2025-07-11,write readme,"['write', 'readme']","['write', 'readme']","['write', 'readm']"
264,Document new features,Documentation,Low,Done,2025-06-16,document new features,"['document', 'new', 'features']","['document', 'new', 'features']","['document', 'new', 'featur']"
265,Document new features,Documentation,Medium,In Progress,2025-06-20,document new features,"['document', 'new', 'features']","['document', 'new', 'features']","['document', 'new', 'featur']"
266,Improve API docs,Documentation,High,Done,2025-06-20,improve api docs,"['improve', 'api', 'docs']","['improve', 'api', 'docs']","['improv', 'api', 'doc']"
267,Document new features,Documentation,High,In Progress,2025-06-21,document new features,"['document', 'new', 'features']","['document', 'new', 'features']","['document', 'new', 'featur']"
268,Update user manual,Documentation,Medium,Done,2025-06-14,update user manual,"['update', 'user', 'manual']","['update', 'user', 'manual']","['updat', 'user', 'manual']"
269,Update user manual,Documentation,Medium,Done,2025-07-07,update user manual,"['update', 'user', 'manual']","['update', 'user', 'manual']","['updat', 'user', 'manual']"
270,Write README,Documentation,Medium,Done,2025-06-28,write readme,"['write', 'readme']","['write', 'readme']","['write', 'readm']"
271,Improve API docs,Documentation,High,In Progress,2025-07-09,improve api docs,"['improve', 'api', 'docs']","['improve', 'api', 'docs']","['improv', 'api', 'doc']"
272,Document new features,Documentation,High,To Do,2025-07-05,document new features,"['document', 'new', 'features']","['document', 'new', 'features']","['document', 'new', 'featur']"
273,Write README,Documentation,High,Done,2025-06-21,write readme,"['write', 'readme']","['write', 'readme']","['write', 'readm']"
274,Improve API docs,Documentation,High,In Progress,2025-06-22,improve api docs,"['improve', 'api', 'docs']","['improve', 'api', 'docs']","['improv', 'api', 'doc']"
275,Document new features,Documentation,Low,To Do,2025-07-06,document new features,"['document', 'new', 'features']","['document', 'new', 'features']","['document', 'new', 'featur']"
276,Document new features,Documentation,Medium,Done,2025-06-18,document new features,"['document', 'new', 'features']","['document', 'new', 'features']","['document', 'new', 'featur']"
277,Write README,Documentation,Low,In Progress,2025-06-18,write readme,"['write', 'readme']","['write', 'readme']","['write', 'readm']"
278,Document new features,Documentation,High,In Progress,2025-07-11,document new features,"['document', 'new', 'features']","['document', 'new', 'features']","['document', 'new', 'featur']"
279,Improve API docs,Documentation,Low,To Do,2025-06-15,improve api docs,"['improve', 'api', 'docs']","['improve', 'api', 'docs']","['improv', 'api', 'doc']"
280,Update user manual,Documentation,Medium,To Do,2025-07-01,update user manual,"['update', 'user', 'manual']","['update', 'user', 'manual']","['updat', 'user', 'manual']"
281,Improve API docs,Documentation,Low,In Progress,2025-06-26,improve api docs,"['improve', 'api', 'docs']","['improve', 'api', 'docs']","['improv', 'api', 'doc']"
282,Document new features,Documentation,Low,Done,2025-07-09,document new features,"['document', 'new', 'features']","['document', 'new', 'features']","['document', 'new', 'featur']"
283,Write README,Documentation,High,To Do,2025-06-17,write readme,"['write', 'readme']","['write', 'readme']","['write', 'readm']"
284,Improve API docs,Documentation,Medium,In Progress,2025-06-18,improve api docs,"['improve', 'api', 'docs']","['improve', 'api', 'docs']","['improv', 'api', 'doc']"
285,Improve API docs,Documentation,High,Done,2025-07-07,improve api docs,"['improve', 'api', 'docs']","['improve', 'api', 'docs']","['improv', 'api', 'doc']"
286,Write README,Documentation,Low,Done,2025-06-15,write readme,"['write', 'readme']","['write', 'readme']","['write', 'readm']"
287,Update user manual,Documentation,Low,To Do,2025-06-15,update user manual,"['update', 'user', 'manual']","['update', 'user', 'manual']","['updat', 'user', 'manual']"
288,Write README,Documentation,Low,Done,2025-07-09,write readme,"['write', 'readme']","['write', 'readme']","['write', 'readm']"
289,Document new features,Documentation,Low,To Do,2025-06-21,document new features,"['document', 'new', 'features']","['document', 'new', 'features']","['document', 'new', 'featur']"
290,Document new features,Documentation,High,In Progress,2025-06-26,document new features,"['document', 'new', 'features']","['document', 'new', 'features']","['document', 'new', 'featur']"
291,Update user manual,Documentation,Medium,In Progress,2025-06-13,update user manual,"['update', 'user', 'manual']","['update', 'user', 'manual']","['updat', 'user', 'manual']"
292,Document new features,Documentation,Low,To Do,2025-07-03,document new features,"['document', 'new', 'features']","['document', 'new', 'features']","['document', 'new', 'featur']"
293,Document new features,Documentation,High,Done,2025-06-13,document new features,"['document', 'new', 'features']","['document', 'new', 'features']","['document', 'new', 'featur']"
294,Write README,Documentation,High,Done,2025-07-10,write readme,"['write', 'readme']","['write', 'readme']","['write', 'readm']"
295,Document new features,Documentation,Low,To Do,2025-07-10,document new features,"['document', 'new', 'features']","['document', 'new', 'features']","['document', 'new', 'featur']"
296,Document new features,Documentation,Low,In Progress,2025-06-16,document new features,"['document', 'new', 'features']","['document', 'new', 'features']","['document', 'new', 'featur']"
297,Improve API docs,Documentation,Medium,Done,2025-06-25,improve api docs,"['improve', 'api', 'docs']","['improve', 'api', 'docs']","['improv', 'api', 'doc']"
298,Write README,Documentation,High,To Do,2025-06-21,write readme,"['write', 'readme']","['write', 'readme']","['write', 'readm']"
299,Write README,Documentation,High,To Do,2025-07-09,write readme,"['write', 'readme']","['write', 'readme']","['write', 'readm']"
300,Write README,Documentation,Low,In Progress,2025-07-03,write readme,"['write', 'readme']","['write', 'readme']","['write', 'readm']"
301,Schedule sprint planning,Meeting,Medium,Done,2025-06-29,schedule sprint planning,"['schedule', 'sprint', 'planning']","['schedule', 'sprint', 'planning']","['schedul', 'sprint', 'plan']"
302,Schedule sprint planning,Meeting,Low,Done,2025-06-14,schedule sprint planning,"['schedule', 'sprint', 'planning']","['schedule', 'sprint', 'planning']","['schedul', 'sprint', 'plan']"
303,Weekly sync-up,Meeting,Low,Done,2025-07-04,weekly syncup,"['weekly', 'syncup']","['weekly', 'syncup']","['weekli', 'syncup']"
304,Schedule sprint planning,Meeting,Low,To Do,2025-06-25,schedule sprint planning,"['schedule', 'sprint', 'planning']","['schedule', 'sprint', 'planning']","['schedul', 'sprint', 'plan']"
305,Client presentation,Meeting,High,In Progress,2025-06-23,client presentation,"['client', 'presentation']","['client', 'presentation']","['client', 'present']"
306,Weekly sync-up,Meeting,Medium,To Do,2025-06-12,weekly syncup,"['weekly', 'syncup']","['weekly', 'syncup']","['weekli', 'syncup']"
307,Client presentation,Meeting,Low,To Do,2025-06-12,client presentation,"['client', 'presentation']","['client', 'presentation']","['client', 'present']"
308,Client presentation,Meeting,High,To Do,2025-06-28,client presentation,"['client', 'presentation']","['client', 'presentation']","['client', 'present']"
309,Weekly sync-up,Meeting,High,Done,2025-06-23,weekly syncup,"['weekly', 'syncup']","['weekly', 'syncup']","['weekli', 'syncup']"
310,Schedule sprint planning,Meeting,Low,Done,2025-06-27,schedule sprint planning,"['schedule', 'sprint', 'planning']","['schedule', 'sprint', 'planning']","['schedul', 'sprint', 'plan']"
311,Schedule sprint planning,Meeting,High,Done,2025-06-29,schedule sprint planning,"['schedule', 'sprint', 'planning']","['schedule', 'sprint', 'planning']","['schedul', 'sprint', 'plan']"
312,Schedule sprint planning,Meeting,Low,To Do,2025-06-27,schedule sprint planning,"['schedule', 'sprint', 'planning']","['schedule', 'sprint', 'planning']","['schedul', 'sprint', 'plan']"
313,Weekly sync-up,Meeting,Low,To Do,2025-06-30,weekly syncup,"['weekly', 'syncup']","['weekly', 'syncup']","['weekli', 'syncup']"
314,Weekly sync-up,Meeting,Medium,To Do,2025-06-12,weekly syncup,"['weekly', 'syncup']","['weekly', 'syncup']","['weekli', 'syncup']"
315,Demo product roadmap,Meeting,Medium,Done,2025-07-11,demo product roadmap,"['demo', 'product', 'roadmap']","['demo', 'product', 'roadmap']","['demo', 'product', 'roadmap']"
316,Demo product roadmap,Meeting,Medium,In Progress,2025-06-28,demo product roadmap,"['demo', 'product', 'roadmap']","['demo', 'product', 'roadmap']","['demo', 'product', 'roadmap']"
317,Weekly sync-up,Meeting,Medium,Done,2025-07-11,weekly syncup,"['weekly', 'syncup']","['weekly', 'syncup']","['weekli', 'syncup']"
318,Client presentation,Meeting,High,To Do,2025-07-08,client presentation,"['client', 'presentation']","['client', 'presentation']","['client', 'present']"
319,Weekly sync-up,Meeting,Low,In Progress,2025-07-01,weekly syncup,"['weekly', 'syncup']","['weekly', 'syncup']","['weekli', 'syncup']"
320,Client presentation,Meeting,High,To Do,2025-06-27,client presentation,"['client', 'presentation']","['client', 'presentation']","['client', 'present']"
321,Demo product roadmap,Meeting,Low,To Do,2025-07-09,demo product roadmap,"['demo', 'product', 'roadmap']","['demo', 'product', 'roadmap']","['demo', 'product', 'roadmap']"
322,Schedule sprint planning,Meeting,Low,In Progress,2025-07-09,schedule sprint planning,"['schedule', 'sprint', 'planning']","['schedule', 'sprint', 'planning']","['schedul', 'sprint', 'plan']"
323,Weekly sync-up,Meeting,Medium,Done,2025-06-15,weekly syncup,"['weekly', 'syncup']","['weekly', 'syncup']","['weekli', 'syncup']"
324,Schedule sprint planning,Meeting,High,To Do,2025-06-20,schedule sprint planning,"['schedule', 'sprint', 'planning']","['schedule', 'sprint', 'planning']","['schedul', 'sprint', 'plan']"
325,Schedule sprint planning,Meeting,Low,In Progress,2025-06-27,schedule sprint planning,"['schedule', 'sprint', 'planning']","['schedule', 'sprint', 'planning']","['schedul', 'sprint', 'plan']"
326,Weekly sync-up,Meeting,Medium,Done,2025-07-03,weekly syncup,"['weekly', 'syncup']","['weekly', 'syncup']","['weekli', 'syncup']"
327,Demo product roadmap,Meeting,Low,To Do,2025-06-15,demo product roadmap,"['demo', 'product', 'roadmap']","['demo', 'product', 'roadmap']","['demo', 'product', 'roadmap']"
328,Weekly sync-up,Meeting,High,Done,2025-07-08,weekly syncup,"['weekly', 'syncup']","['weekly', 'syncup']","['weekli', 'syncup']"
329,Client presentation,Meeting,Low,To Do,2025-06-25,client presentation,"['client', 'presentation']","['client', 'presentation']","['client', 'present']"
330,Demo product roadmap,Meeting,High,In Progress,2025-07-09,demo product roadmap,"['demo', 'product', 'roadmap']","['demo', 'product', 'roadmap']","['demo', 'product', 'roadmap']"
331,Demo product roadmap,Meeting,High,To Do,2025-06-28,demo product roadmap,"['demo', 'product', 'roadmap']","['demo', 'product', 'roadmap']","['demo', 'product', 'roadmap']"
332,Client presentation,Meeting,Medium,To Do,2025-07-02,client presentation,"['client', 'presentation']","['client', 'presentation']","['client', 'present']"
333,Schedule sprint planning,Meeting,High,Done,2025-06-17,schedule sprint planning,"['schedule', 'sprint', 'planning']","['schedule', 'sprint', 'planning']","['schedul', 'sprint', 'plan']"
334,Weekly sync-up,Meeting,Low,To Do,2025-06-13,weekly syncup,"['weekly', 'syncup']","['weekly', 'syncup']","['weekli', 'syncup']"
335,Weekly sync-up,Meeting,Medium,To Do,2025-06-15,weekly syncup,"['weekly', 'syncup']","['weekly', 'syncup']","['weekli', 'syncup']"
336,Client presentation,Meeting,Low,Done,2025-06-15,client presentation,"['client', 'presentation']","['client', 'presentation']","['client', 'present']"
337,Schedule sprint planning,Meeting,Low,To Do,2025-06-14,schedule sprint planning,"['schedule', 'sprint', 'planning']","['schedule', 'sprint', 'planning']","['schedul', 'sprint', 'plan']"
338,Client presentation,Meeting,Low,In Progress,2025-07-08,client presentation,"['client', 'presentation']","['client', 'presentation']","['client', 'present']"
339,Weekly sync-up,Meeting,Medium,Done,2025-06-20,weekly syncup,"['weekly', 'syncup']","['weekly', 'syncup']","['weekli', 'syncup']"
340,Weekly sync-up,Meeting,Low,In Progress,2025-06-28,weekly syncup,"['weekly', 'syncup']","['weekly', 'syncup']","['weekli', 'syncup']"
341,Weekly sync-up,Meeting,Low,In Progress,2025-06-29,weekly syncup,"['weekly', 'syncup']","['weekly', 'syncup']","['weekli', 'syncup']"
342,Demo product roadmap,Meeting,High,In Progress,2025-07-05,demo product roadmap,"['demo', 'product', 'roadmap']","['demo', 'product', 'roadmap']","['demo', 'product', 'roadmap']"
343,Client presentation,Meeting,Low,In Progress,2025-06-20,client presentation,"['client', 'presentation']","['client', 'presentation']","['client', 'present']"
344,Schedule sprint planning,Meeting,Low,Done,2025-07-07,schedule sprint planning,"['schedule', 'sprint', 'planning']","['schedule', 'sprint', 'planning']","['schedul', 'sprint', 'plan']"
345,Client presentation,Meeting,Medium,In Progress,2025-07-08,client presentation,"['client', 'presentation']","['client', 'presentation']","['client', 'present']"
346,Schedule sprint planning,Meeting,Low,To Do,2025-06-26,schedule sprint planning,"['schedule', 'sprint', 'planning']","['schedule', 'sprint', 'planning']","['schedul', 'sprint', 'plan']"
347,Demo product roadmap,Meeting,High,To Do,2025-06-25,demo product roadmap,"['demo', 'product', 'roadmap']","['demo', 'product', 'roadmap']","['demo', 'product', 'roadmap']"
348,Client presentation,Meeting,Low,Done,2025-06-27,client presentation,"['client', 'presentation']","['client', 'presentation']","['client', 'present']"
349,Client presentation,Meeting,Low,To Do,2025-06-30,client presentation,"['client', 'presentation']","['client', 'presentation']","['client', 'present']"
350,Weekly sync-up,Meeting,Medium,Done,2025-06-16,weekly syncup,"['weekly', 'syncup']","['weekly', 'syncup']","['weekli', 'syncup']"
351,Weekly sync-up,Meeting,Medium,In Progress,2025-07-05,weekly syncup,"['weekly', 'syncup']","['weekly', 'syncup']","['weekli', 'syncup']"
352,Schedule sprint planning,Meeting,High,To Do,2025-06-16,schedule sprint planning,"['schedule', 'sprint', 'planning']","['schedule', 'sprint', 'planning']","['schedul', 'sprint', 'plan']"
353,Schedule sprint planning,Meeting,High,To Do,2025-06-26,schedule sprint planning,"['schedule', 'sprint', 'planning']","['schedule', 'sprint', 'planning']","['schedul', 'sprint', 'plan']"
354,Demo product roadmap,Meeting,High,Done,2025-07-02,demo product roadmap,"['demo', 'product', 'roadmap']","['demo', 'product', 'roadmap']","['demo', 'product', 'roadmap']"
355,Weekly sync-up,Meeting,High,To Do,2025-07-06,weekly syncup,"['weekly', 'syncup']","['weekly', 'syncup']","['weekli', 'syncup']"
356,Demo product roadmap,Meeting,Low,To Do,2025-06-21,demo product roadmap,"['demo', 'product', 'roadmap']","['demo', 'product', 'roadmap']","['demo', 'product', 'roadmap']"
357,Schedule sprint planning,Meeting,Medium,In Progress,2025-07-01,schedule sprint planning,"['schedule', 'sprint', 'planning']","['schedule', 'sprint', 'planning']","['schedul', 'sprint', 'plan']"
358,Client presentation,Meeting,Medium,To Do,2025-07-04,client presentation,"['client', 'presentation']","['client', 'presentation']","['client', 'present']"
359,Weekly sync-up,Meeting,High,Done,2025-06-24,weekly syncup,"['weekly', 'syncup']","['weekly', 'syncup']","['weekli', 'syncup']"
360,Schedule sprint planning,Meeting,High,To Do,2025-06-27,schedule sprint planning,"['schedule', 'sprint', 'planning']","['schedule', 'sprint', 'planning']","['schedul', 'sprint', 'plan']"
361,Schedule sprint planning,Meeting,High,Done,2025-06-19,schedule sprint planning,"['schedule', 'sprint', 'planning']","['schedule', 'sprint', 'planning']","['schedul', 'sprint', 'plan']"
362,Demo product roadmap,Meeting,Medium,Done,2025-06-22,demo product roadmap,"['demo', 'product', 'roadmap']","['demo', 'product', 'roadmap']","['demo', 'product', 'roadmap']"
363,Schedule sprint planning,Meeting,High,In Progress,2025-07-06,schedule sprint planning,"['schedule', 'sprint', 'planning']","['schedule', 'sprint', 'planning']","['schedul', 'sprint', 'plan']"
364,Client presentation,Meeting,High,Done,2025-06-27,client presentation,"['client', 'presentation']","['client', 'presentation']","['client', 'present']"
365,Schedule sprint planning,Meeting,Low,To Do,2025-06-18,schedule sprint planning,"['schedule', 'sprint', 'planning']","['schedule', 'sprint', 'planning']","['schedul', 'sprint', 'plan']"
366,Weekly sync-up,Meeting,Low,Done,2025-06-13,weekly syncup,"['weekly', 'syncup']","['weekly', 'syncup']","['weekli', 'syncup']"
367,Demo product roadmap,Meeting,High,Done,2025-06-20,demo product roadmap,"['demo', 'product', 'roadmap']","['demo', 'product', 'roadmap']","['demo', 'product', 'roadmap']"
368,Demo product roadmap,Meeting,Low,Done,2025-06-14,demo product roadmap,"['demo', 'product', 'roadmap']","['demo', 'product', 'roadmap']","['demo', 'product', 'roadmap']"
369,Weekly sync-up,Meeting,Medium,Done,2025-06-26,weekly syncup,"['weekly', 'syncup']","['weekly', 'syncup']","['weekli', 'syncup']"
370,Client presentation,Meeting,Medium,To Do,2025-06-29,client presentation,"['client', 'presentation']","['client', 'presentation']","['client', 'present']"
371,Schedule sprint planning,Meeting,High,Done,2025-06-17,schedule sprint planning,"['schedule', 'sprint', 'planning']","['schedule', 'sprint', 'planning']","['schedul', 'sprint', 'plan']"
372,Demo product roadmap,Meeting,Low,Done,2025-07-01,demo product roadmap,"['demo', 'product', 'roadmap']","['demo', 'product', 'roadmap']","['demo', 'product', 'roadmap']"
373,Schedule sprint planning,Meeting,Low,Done,2025-07-01,schedule sprint planning,"['schedule', 'sprint', 'planning']","['schedule', 'sprint', 'planning']","['schedul', 'sprint', 'plan']"
374,Demo product roadmap,Meeting,Medium,In Progress,2025-06-21,demo product roadmap,"['demo', 'product', 'roadmap']","['demo', 'product', 'roadmap']","['demo', 'product', 'roadmap']"
375,Client presentation,Meeting,Low,In Progress,2025-07-10,client presentation,"['client', 'presentation']","['client', 'presentation']","['client', 'present']"
376,Weekly sync-up,Meeting,Low,To Do,2025-06-30,weekly syncup,"['weekly', 'syncup']","['weekly', 'syncup']","['weekli', 'syncup']"
377,Client presentation,Meeting,Medium,Done,2025-06-30,client presentation,"['client', 'presentation']","['client', 'presentation']","['client', 'present']"
378,Demo product roadmap,Meeting,Low,Done,2025-07-01,demo product roadmap,"['demo', 'product', 'roadmap']","['demo', 'product', 'roadmap']","['demo', 'product', 'roadmap']"
379,Demo product roadmap,Meeting,Low,To Do,2025-07-08,demo product roadmap,"['demo', 'product', 'roadmap']","['demo', 'product', 'roadmap']","['demo', 'product', 'roadmap']"
380,Schedule sprint planning,Meeting,High,To Do,2025-07-01,schedule sprint planning,"['schedule', 'sprint', 'planning']","['schedule', 'sprint', 'planning']","['schedul', 'sprint', 'plan']"
381,Weekly sync-up,Meeting,Low,To Do,2025-06-20,weekly syncup,"['weekly', 'syncup']","['weekly', 'syncup']","['weekli', 'syncup']"
382,Demo product roadmap,Meeting,High,In Progress,2025-07-07,demo product roadmap,"['demo', 'product', 'roadmap']","['demo', 'product', 'roadmap']","['demo', 'product', 'roadmap']"
383,Weekly sync-up,Meeting,Medium,Done,2025-06-12,weekly syncup,"['weekly', 'syncup']","['weekly', 'syncup']","['weekli', 'syncup']"
384,Client presentation,Meeting,High,In Progress,2025-06-25,client presentation,"['client', 'presentation']","['client', 'presentation']","['client', 'present']"
385,Schedule sprint planning,Meeting,Low,Done,2025-06-15,schedule sprint planning,"['schedule', 'sprint', 'planning']","['schedule', 'sprint', 'planning']","['schedul', 'sprint', 'plan']"
386,Weekly sync-up,Meeting,High,Done,2025-07-09,weekly syncup,"['weekly', 'syncup']","['weekly', 'syncup']","['weekli', 'syncup']"
387,Weekly sync-up,Meeting,Low,In Progress,2025-07-10,weekly syncup,"['weekly', 'syncup']","['weekly', 'syncup']","['weekli', 'syncup']"
388,Schedule sprint planning,Meeting,High,To Do,2025-06-23,schedule sprint planning,"['schedule', 'sprint', 'planning']","['schedule', 'sprint', 'planning']","['schedul', 'sprint', 'plan']"
389,Schedule sprint planning,Meeting,Low,In Progress,2025-06-30,schedule sprint planning,"['schedule', 'sprint', 'planning']","['schedule', 'sprint', 'planning']","['schedul', 'sprint', 'plan']"
390,Client presentation,Meeting,Medium,In Progress,2025-06-12,client presentation,"['client', 'presentation']","['client', 'presentation']","['client', 'present']"
391,Client presentation,Meeting,High,In Progress,2025-06-27,client presentation,"['client', 'presentation']","['client', 'presentation']","['client', 'present']"
392,Demo product roadmap,Meeting,Medium,To Do,2025-07-03,demo product roadmap,"['demo', 'product', 'roadmap']","['demo', 'product', 'roadmap']","['demo', 'product', 'roadmap']"
393,Weekly sync-up,Meeting,Low,To Do,2025-06-17,weekly syncup,"['weekly', 'syncup']","['weekly', 'syncup']","['weekli', 'syncup']"
394,Weekly sync-up,Meeting,High,To Do,2025-06-27,weekly syncup,"['weekly', 'syncup']","['weekly', 'syncup']","['weekli', 'syncup']"
395,Schedule sprint planning,Meeting,Low,Done,2025-06-20,schedule sprint planning,"['schedule', 'sprint', 'planning']","['schedule', 'sprint', 'planning']","['schedul', 'sprint', 'plan']"
396,Schedule sprint planning,Meeting,Low,In Progress,2025-07-11,schedule sprint planning,"['schedule', 'sprint', 'planning']","['schedule', 'sprint', 'planning']","['schedul', 'sprint', 'plan']"
397,Schedule sprint planning,Meeting,High,In Progress,2025-06-28,schedule sprint planning,"['schedule', 'sprint', 'planning']","['schedule', 'sprint', 'planning']","['schedul', 'sprint', 'plan']"
398,Client presentation,Meeting,High,Done,2025-06-22,client presentation,"['client', 'presentation']","['client', 'presentation']","['client', 'present']"
399,Schedule sprint planning,Meeting,Medium,Done,2025-07-01,schedule sprint planning,"['schedule', 'sprint', 'planning']","['schedule', 'sprint', 'planning']","['schedul', 'sprint', 'plan']"
400,Weekly sync-up,Meeting,Low,To Do,2025-06-30,weekly syncup,"['weekly', 'syncup']","['weekly', 'syncup']","['weekli', 'syncup']"
401,Read paper on LLMs,Research,Medium,Done,2025-07-05,read paper on llms,"['read', 'paper', 'on', 'llms']","['read', 'paper', 'llms']","['read', 'paper', 'llm']"
402,Compare cloud providers,Research,Medium,To Do,2025-07-02,compare cloud providers,"['compare', 'cloud', 'providers']","['compare', 'cloud', 'providers']","['compar', 'cloud', 'provid']"
403,Benchmark database,Research,High,To Do,2025-06-24,benchmark database,"['benchmark', 'database']","['benchmark', 'database']","['benchmark', 'databas']"
404,Compare cloud providers,Research,High,Done,2025-07-06,compare cloud providers,"['compare', 'cloud', 'providers']","['compare', 'cloud', 'providers']","['compar', 'cloud', 'provid']"
405,Read paper on LLMs,Research,Medium,In Progress,2025-06-27,read paper on llms,"['read', 'paper', 'on', 'llms']","['read', 'paper', 'llms']","['read', 'paper', 'llm']"
406,Benchmark database,Research,High,In Progress,2025-06-27,benchmark database,"['benchmark', 'database']","['benchmark', 'database']","['benchmark', 'databas']"
407,Compare cloud providers,Research,High,Done,2025-07-09,compare cloud providers,"['compare', 'cloud', 'providers']","['compare', 'cloud', 'providers']","['compar', 'cloud', 'provid']"
408,Compare cloud providers,Research,Medium,To Do,2025-06-27,compare cloud providers,"['compare', 'cloud', 'providers']","['compare', 'cloud', 'providers']","['compar', 'cloud', 'provid']"
409,Benchmark database,Research,Medium,Done,2025-07-09,benchmark database,"['benchmark', 'database']","['benchmark', 'database']","['benchmark', 'databas']"
410,Read paper on LLMs,Research,High,In Progress,2025-06-22,read paper on llms,"['read', 'paper', 'on', 'llms']","['read', 'paper', 'llms']","['read', 'paper', 'llm']"
411,Read paper on LLMs,Research,Medium,In Progress,2025-06-19,read paper on llms,"['read', 'paper', 'on', 'llms']","['read', 'paper', 'llms']","['read', 'paper', 'llm']"
412,Benchmark database,Research,Medium,Done,2025-06-25,benchmark database,"['benchmark', 'database']","['benchmark', 'database']","['benchmark', 'databas']"
413,Benchmark database,Research,Medium,To Do,2025-06-30,benchmark database,"['benchmark', 'database']","['benchmark', 'database']","['benchmark', 'databas']"
414,Read paper on LLMs,Research,Low,In Progress,2025-06-17,read paper on llms,"['read', 'paper', 'on', 'llms']","['read', 'paper', 'llms']","['read', 'paper', 'llm']"
415,Explore new ML model,Research,Low,Done,2025-07-06,explore new ml model,"['explore', 'new', 'ml', 'model']","['explore', 'new', 'ml', 'model']","['explor', 'new', 'ml', 'model']"
416,Benchmark database,Research,Medium,Done,2025-06-29,benchmark database,"['benchmark', 'database']","['benchmark', 'database']","['benchmark', 'databas']"
417,Benchmark database,Research,Low,In Progress,2025-06-28,benchmark database,"['benchmark', 'database']","['benchmark', 'database']","['benchmark', 'databas']"
418,Explore new ML model,Research,Medium,Done,2025-07-06,explore new ml model,"['explore', 'new', 'ml', 'model']","['explore', 'new', 'ml', 'model']","['explor', 'new', 'ml', 'model']"
419,Explore new ML model,Research,High,To Do,2025-06-15,explore new ml model,"['explore', 'new', 'ml', 'model']","['explore', 'new', 'ml', 'model']","['explor', 'new', 'ml', 'model']"
420,Read paper on LLMs,Research,High,Done,2025-06-22,read paper on llms,"['read', 'paper', 'on', 'llms']","['read', 'paper', 'llms']","['read', 'paper', 'llm']"
421,Explore new ML model,Research,High,Done,2025-06-24,explore new ml model,"['explore', 'new', 'ml', 'model']","['explore', 'new', 'ml', 'model']","['explor', 'new', 'ml', 'model']"
422,Compare cloud providers,Research,Low,In Progress,2025-07-02,compare cloud providers,"['compare', 'cloud', 'providers']","['compare', 'cloud', 'providers']","['compar', 'cloud', 'provid']"
423,Compare cloud providers,Research,Medium,Done,2025-06-27,compare cloud providers,"['compare', 'cloud', 'providers']","['compare', 'cloud', 'providers']","['compar', 'cloud', 'provid']"
424,Benchmark database,Research,Low,In Progress,2025-06-27,benchmark database,"['benchmark', 'database']","['benchmark', 'database']","['benchmark', 'databas']"
425,Explore new ML model,Research,High,To Do,2025-07-04,explore new ml model,"['explore', 'new', 'ml', 'model']","['explore', 'new', 'ml', 'model']","['explor', 'new', 'ml', 'model']"
426,Benchmark database,Research,Medium,Done,2025-06-30,benchmark database,"['benchmark', 'database']","['benchmark', 'database']","['benchmark', 'databas']"
427,Compare cloud providers,Research,High,Done,2025-06-16,compare cloud providers,"['compare', 'cloud', 'providers']","['compare', 'cloud', 'providers']","['compar', 'cloud', 'provid']"
428,Read paper on LLMs,Research,Medium,To Do,2025-07-08,read paper on llms,"['read', 'paper', 'on', 'llms']","['read', 'paper', 'llms']","['read', 'paper', 'llm']"
429,Benchmark database,Research,High,In Progress,2025-07-07,benchmark database,"['benchmark', 'database']","['benchmark', 'database']","['benchmark', 'databas']"
430,Read paper on LLMs,Research,Low,Done,2025-06-28,read paper on llms,"['read', 'paper', 'on', 'llms']","['read', 'paper', 'llms']","['read', 'paper', 'llm']"
431,Compare cloud providers,Research,Medium,Done,2025-07-04,compare cloud providers,"['compare', 'cloud', 'providers']","['compare', 'cloud', 'providers']","['compar', 'cloud', 'provid']"
432,Compare cloud providers,Research,High,To Do,2025-06-25,compare cloud providers,"['compare', 'cloud', 'providers']","['compare', 'cloud', 'providers']","['compar', 'cloud', 'provid']"
433,Explore new ML model,Research,Medium,To Do,2025-07-06,explore new ml model,"['explore', 'new', 'ml', 'model']","['explore', 'new', 'ml', 'model']","['explor', 'new', 'ml', 'model']"
434,Benchmark database,Research,High,In Progress,2025-06-15,benchmark database,"['benchmark', 'database']","['benchmark', 'database']","['benchmark', 'databas']"
435,Explore new ML model,Research,Medium,In Progress,2025-07-04,explore new ml model,"['explore', 'new', 'ml', 'model']","['explore', 'new', 'ml', 'model']","['explor', 'new', 'ml', 'model']"
436,Benchmark database,Research,Medium,To Do,2025-07-01,benchmark database,"['benchmark', 'database']","['benchmark', 'database']","['benchmark', 'databas']"
437,Explore new ML model,Research,High,To Do,2025-07-03,explore new ml model,"['explore', 'new', 'ml', 'model']","['explore', 'new', 'ml', 'model']","['explor', 'new', 'ml', 'model']"
438,Benchmark database,Research,Low,To Do,2025-06-25,benchmark database,"['benchmark', 'database']","['benchmark', 'database']","['benchmark', 'databas']"
439,Compare cloud providers,Research,Low,In Progress,2025-06-12,compare cloud providers,"['compare', 'cloud', 'providers']","['compare', 'cloud', 'providers']","['compar', 'cloud', 'provid']"
440,Benchmark database,Research,Low,In Progress,2025-07-11,benchmark database,"['benchmark', 'database']","['benchmark', 'database']","['benchmark', 'databas']"
441,Explore new ML model,Research,Medium,In Progress,2025-06-21,explore new ml model,"['explore', 'new', 'ml', 'model']","['explore', 'new', 'ml', 'model']","['explor', 'new', 'ml', 'model']"
442,Read paper on LLMs,Research,High,Done,2025-07-03,read paper on llms,"['read', 'paper', 'on', 'llms']","['read', 'paper', 'llms']","['read', 'paper', 'llm']"
443,Read paper on LLMs,Research,Medium,To Do,2025-07-09,read paper on llms,"['read', 'paper', 'on', 'llms']","['read', 'paper', 'llms']","['read', 'paper', 'llm']"
444,Compare cloud providers,Research,Medium,To Do,2025-06-26,compare cloud providers,"['compare', 'cloud', 'providers']","['compare', 'cloud', 'providers']","['compar', 'cloud', 'provid']"
445,Explore new ML model,Research,Medium,In Progress,2025-06-25,explore new ml model,"['explore', 'new', 'ml', 'model']","['explore', 'new', 'ml', 'model']","['explor', 'new', 'ml', 'model']"
446,Explore new ML model,Research,High,In Progress,2025-06-15,explore new ml model,"['explore', 'new', 'ml', 'model']","['explore', 'new', 'ml', 'model']","['explor', 'new', 'ml', 'model']"
447,Benchmark database,Research,High,Done,2025-06-22,benchmark database,"['benchmark', 'database']","['benchmark', 'database']","['benchmark', 'databas']"
448,Read paper on LLMs,Research,Medium,Done,2025-06-26,read paper on llms,"['read', 'paper', 'on', 'llms']","['read', 'paper', 'llms']","['read', 'paper', 'llm']"
449,Explore new ML model,Research,Medium,Done,2025-07-11,explore new ml model,"['explore', 'new', 'ml', 'model']","['explore', 'new', 'ml', 'model']","['explor', 'new', 'ml', 'model']"
450,Explore new ML model,Research,Medium,To Do,2025-07-02,explore new ml model,"['explore', 'new', 'ml', 'model']","['explore', 'new', 'ml', 'model']","['explor', 'new', 'ml', 'model']"
451,Compare cloud providers,Research,Medium,To Do,2025-06-12,compare cloud providers,"['compare', 'cloud', 'providers']","['compare', 'cloud', 'providers']","['compar', 'cloud', 'provid']"
452,Read paper on LLMs,Research,High,Done,2025-06-26,read paper on llms,"['read', 'paper', 'on', 'llms']","['read', 'paper', 'llms']","['read', 'paper', 'llm']"
453,Read paper on LLMs,Research,Low,In Progress,2025-06-23,read paper on llms,"['read', 'paper', 'on', 'llms']","['read', 'paper', 'llms']","['read', 'paper', 'llm']"
454,Explore new ML model,Research,High,To Do,2025-06-19,explore new ml model,"['explore', 'new', 'ml', 'model']","['explore', 'new', 'ml', 'model']","['explor', 'new', 'ml', 'model']"
455,Benchmark database,Research,Low,To Do,2025-06-28,benchmark database,"['benchmark', 'database']","['benchmark', 'database']","['benchmark', 'databas']"
456,Compare cloud providers,Research,High,In Progress,2025-06-12,compare cloud providers,"['compare', 'cloud', 'providers']","['compare', 'cloud', 'providers']","['compar', 'cloud', 'provid']"
457,Compare cloud providers,Research,Low,Done,2025-07-06,compare cloud providers,"['compare', 'cloud', 'providers']","['compare', 'cloud', 'providers']","['compar', 'cloud', 'provid']"
458,Explore new ML model,Research,High,In Progress,2025-06-17,explore new ml model,"['explore', 'new', 'ml', 'model']","['explore', 'new', 'ml', 'model']","['explor', 'new', 'ml', 'model']"
459,Compare cloud providers,Research,Medium,In Progress,2025-06-14,compare cloud providers,"['compare', 'cloud', 'providers']","['compare', 'cloud', 'providers']","['compar', 'cloud', 'provid']"
460,Compare cloud providers,Research,Medium,Done,2025-07-10,compare cloud providers,"['compare', 'cloud', 'providers']","['compare', 'cloud', 'providers']","['compar', 'cloud', 'provid']"
461,Explore new ML model,Research,Medium,To Do,2025-06-21,explore new ml model,"['explore', 'new', 'ml', 'model']","['explore', 'new', 'ml', 'model']","['explor', 'new', 'ml', 'model']"
462,Benchmark database,Research,High,In Progress,2025-06-14,benchmark database,"['benchmark', 'database']","['benchmark', 'database']","['benchmark', 'databas']"
463,Benchmark database,Research,Low,Done,2025-07-09,benchmark database,"['benchmark', 'database']","['benchmark', 'database']","['benchmark', 'databas']"
464,Read paper on LLMs,Research,High,In Progress,2025-07-08,read paper on llms,"['read', 'paper', 'on', 'llms']","['read', 'paper', 'llms']","['read', 'paper', 'llm']"
465,Read paper on LLMs,Research,High,To Do,2025-06-29,read paper on llms,"['read', 'paper', 'on', 'llms']","['read', 'paper', 'llms']","['read', 'paper', 'llm']"
466,Explore new ML model,Research,Medium,In Progress,2025-06-30,explore new ml model,"['explore', 'new', 'ml', 'model']","['explore', 'new', 'ml', 'model']","['explor', 'new', 'ml', 'model']"
467,Compare cloud providers,Research,Low,Done,2025-06-16,compare cloud providers,"['compare', 'cloud', 'providers']","['compare', 'cloud', 'providers']","['compar', 'cloud', 'provid']"
468,Read paper on LLMs,Research,Medium,In Progress,2025-07-01,read paper on llms,"['read', 'paper', 'on', 'llms']","['read', 'paper', 'llms']","['read', 'paper', 'llm']"
469,Benchmark database,Research,High,Done,2025-06-16,benchmark database,"['benchmark', 'database']","['benchmark', 'database']","['benchmark', 'databas']"
470,Explore new ML model,Research,Low,To Do,2025-07-01,explore new ml model,"['explore', 'new', 'ml', 'model']","['explore', 'new', 'ml', 'model']","['explor', 'new', 'ml', 'model']"
471,Read paper on LLMs,Research,Low,In Progress,2025-07-07,read paper on llms,"['read', 'paper', 'on', 'llms']","['read', 'paper', 'llms']","['read', 'paper', 'llm']"
472,Explore new ML model,Research,High,In Progress,2025-06-17,explore new ml model,"['explore', 'new', 'ml', 'model']","['explore', 'new', 'ml', 'model']","['explor', 'new', 'ml', 'model']"
473,Read paper on LLMs,Research,Medium,To Do,2025-07-03,read paper on llms,"['read', 'paper', 'on', 'llms']","['read', 'paper', 'llms']","['read', 'paper', 'llm']"
474,Read paper on LLMs,Research,Low,To Do,2025-06-17,read paper on llms,"['read', 'paper', 'on', 'llms']","['read', 'paper', 'llms']","['read', 'paper', 'llm']"
475,Compare cloud providers,Research,Medium,To Do,2025-07-05,compare cloud providers,"['compare', 'cloud', 'providers']","['compare', 'cloud', 'providers']","['compar', 'cloud', 'provid']"
476,Explore new ML model,Research,High,In Progress,2025-06-26,explore new ml model,"['explore', 'new', 'ml', 'model']","['explore', 'new', 'ml', 'model']","['explor', 'new', 'ml', 'model']"
477,Explore new ML model,Research,Low,Done,2025-06-22,explore new ml model,"['explore', 'new', 'ml', 'model']","['explore', 'new', 'ml', 'model']","['explor', 'new', 'ml', 'model']"
478,Read paper on LLMs,Research,Low,In Progress,2025-06-25,read paper on llms,"['read', 'paper', 'on', 'llms']","['read', 'paper', 'llms']","['read', 'paper', 'llm']"
479,Compare cloud providers,Research,Low,To Do,2025-06-28,compare cloud providers,"['compare', 'cloud', 'providers']","['compare', 'cloud', 'providers']","['compar', 'cloud', 'provid']"
480,Read paper on LLMs,Research,Medium,In Progress,2025-06-29,read paper on llms,"['read', 'paper', 'on', 'llms']","['read', 'paper', 'llms']","['read', 'paper', 'llm']"
481,Explore new ML model,Research,High,Done,2025-07-06,explore new ml model,"['explore', 'new', 'ml', 'model']","['explore', 'new', 'ml', 'model']","['explor', 'new', 'ml', 'model']"
482,Read paper on LLMs,Research,Low,Done,2025-06-12,read paper on llms,"['read', 'paper', 'on', 'llms']","['read', 'paper', 'llms']","['read', 'paper', 'llm']"
483,Compare cloud providers,Research,Medium,Done,2025-07-01,compare cloud providers,"['compare', 'cloud', 'providers']","['compare', 'cloud', 'providers']","['compar', 'cloud', 'provid']"
484,Read paper on LLMs,Research,Medium,Done,2025-06-30,read paper on llms,"['read', 'paper', 'on', 'llms']","['read', 'paper', 'llms']","['read', 'paper', 'llm']"
485,Read paper on LLMs,Research,High,Done,2025-06-18,read paper on llms,"['read', 'paper', 'on', 'llms']","['read', 'paper', 'llms']","['read', 'paper', 'llm']"
486,Explore new ML model,Research,Low,In Progress,2025-06-25,explore new ml model,"['explore', 'new', 'ml', 'model']","['explore', 'new', 'ml', 'model']","['explor', 'new', 'ml', 'model']"
487,Benchmark database,Research,Low,In Progress,2025-06-22,benchmark database,"['benchmark', 'database']","['benchmark', 'database']","['benchmark', 'databas']"
488,Explore new ML model,Research,High,Done,2025-06-16,explore new ml model,"['explore', 'new', 'ml', 'model']","['explore', 'new', 'ml', 'model']","['explor', 'new', 'ml', 'model']"
489,Benchmark database,Research,Low,Done,2025-06-22,benchmark database,"['benchmark', 'database']","['benchmark', 'database']","['benchmark', 'databas']"
490,Compare cloud providers,Research,High,Done,2025-06-13,compare cloud providers,"['compare', 'cloud', 'providers']","['compare', 'cloud', 'providers']","['compar', 'cloud', 'provid']"
491,Benchmark database,Research,High,To Do,2025-06-20,benchmark database,"['benchmark', 'database']","['benchmark', 'database']","['benchmark', 'databas']"
492,Benchmark database,Research,High,In Progress,2025-06-12,benchmark database,"['benchmark', 'database']","['benchmark', 'database']","['benchmark', 'databas']"
493,Benchmark database,Research,Low,Done,2025-06-15,benchmark database,"['benchmark', 'database']","['benchmark', 'database']","['benchmark', 'databas']"
494,Compare cloud providers,Research,Medium,To Do,2025-06-16,compare cloud providers,"['compare', 'cloud', 'providers']","['compare', 'cloud', 'providers']","['compar', 'cloud', 'provid']"
495,Benchmark database,Research,Low,Done,2025-06-13,benchmark database,"['benchmark', 'database']","['benchmark', 'database']","['benchmark', 'databas']"
496,Explore new ML model,Research,High,To Do,2025-06-28,explore new ml model,"['explore', 'new', 'ml', 'model']","['explore', 'new', 'ml', 'model']","['explor', 'new', 'ml', 'model']"
497,Compare cloud providers,Research,Low,In Progress,2025-06-29,compare cloud providers,"['compare', 'cloud', 'providers']","['compare', 'cloud', 'providers']","['compar', 'cloud', 'provid']"
498,Benchmark database,Research,High,To Do,2025-06-20,benchmark database,"['benchmark', 'database']","['benchmark', 'database']","['benchmark', 'databas']"
499,Compare cloud providers,Research,High,To Do,2025-07-05,compare cloud providers,"['compare', 'cloud', 'providers']","['compare', 'cloud', 'providers']","['compar', 'cloud', 'provid']"
500,Compare cloud providers,Research,Low,In Progress,2025-07-08,compare cloud providers,"['compare', 'cloud', 'providers']","['compare', 'cloud', 'providers']","['compar', 'cloud', 'provid']"
